Market,Category,Business Name,2013,2014,2015,2016,2017,2018,2019,2020,2021,2022,2023,Total Wins,Email,Certainty %
Arlington & Mansfield,Allergist,Allergy and Asthma Centres of the Metroplex,2013,2014,2015,2016,2017,2018,2019,2020,2021,2022,2023,11,,
McKinney & Allen,Orthopedic Surgeon,Alpha Orthopedics and Sports Medicine - Dr. Charles Toulson M.D.,2013,2014,2015,2016,2017,2018,2019,2020,2021,2022,2023,11,,
Arlington & Mansfield,Hair Salon,Avante Salon & Day Spa,2013,2014,2015,2016,2017,2018,2019,2020,2021,2022,2023,11,,
Arlington & Mansfield,Arlington & Mansfieldicure/Pedicure,Avante Salon & Day Spa,2013,2014,2015,2016,2017,2018,2019,2020,2021,2022,2023,11,,
McKinney & Allen,Emergency Room,Baylor Scott & White Medical Center - McKinney & Alleninney,2013,2014,2015,2016,2017,2018,2019,2020,2021,2022,2023,11,,
McKinney & Allen,Hospital,Baylor Scott & White Medical Center - McKinney & Alleninney,2013,2014,2015,2016,2017,2018,2019,2020,2021,2022,2023,11,,
Northeast Tarrant County,Hospital,Baylor Scott & White Medical Center Grapevine,2013,2014,2015,2016,2017,2018,2019,2020,2021,2022,2023,11,,
Flower Mound,Maid/Cleaning Service,Buckets & Bows Maid Service,2013,2014,2015,2016,2017,2018,2019,2020,2021,2022,2023,11,,
Northeast Tarrant County,Grocer,Central Market,2013,2014,2015,2016,2017,2018,2019,2020,2021,2022,2023,11,,
Frisco & Plano,College/University,Collin College,2013,2014,2015,2016,2017,2018,2019,2020,2021,2022,2023,11,,
McKinney & Allen,College/University,Collin College,2013,2014,2015,2016,2017,2018,2019,2020,2021,2022,2023,11,,
McKinney & Allen,Florist,Edward's Floral Design,2013,2014,2015,2016,2017,2018,2019,2020,2021,2022,2023,11,,
Rockwall & Rowlett,Optometrist,Eyecare Rockwall & Rowlettwall,2013,2014,2015,2016,2017,2018,2019,2020,2021,2022,2023,11,,
Northeast Tarrant County,Barbecue,Feedstore BBQ,2013,2014,2015,2016,2017,2018,2019,2020,2021,2022,2023,11,,
Rockwall & Rowlett,Cosmetic Dentontist,Fisher & ZitteRichardson & Murphy Dentontistry,2013,2014,2015,2016,2017,2018,2019,2020,2021,2022,2023,11,,
McKinney & Allen,Jewelry Store,Griffins Jewelry,2013,2014,2015,2016,2017,2018,2019,2020,2021,2022,2023,11,,
Rockwall & Rowlett,Women's Boutique,Groovy's,2013,2014,2015,2016,2017,2018,2019,2020,2021,2022,2023,11,,
Rockwall & Rowlett,Private School,Heritage Christian Academy,2013,2014,2015,2016,2017,2018,2019,2020,2021,2022,2023,11,,
Rockwall & Rowlett,Auto Repair Shop,Horizon Auto Center,2013,2014,2015,2016,2017,2018,2019,2020,2021,2022,2023,11,,
McKinney & Allen,Barbecue,Hutchin's BBQ,2013,2014,2015,2016,2017,2018,2019,2020,2021,2022,2023,11,,
Coppell & North Irving,Pizza,i Fratelli Pizza,2013,2014,2015,2016,2017,2018,2019,2020,2021,2022,2023,11,,
Arlington & Mansfield,Interior Designer,Landry Designs,2013,2014,2015,2016,2017,2018,2019,2020,2021,2022,2023,11,,
Rockwall & Rowlett,Dermatologist,Liberty Dermatology - Dr. Kien Tran,2013,2014,2015,2016,2017,2018,2019,2020,2021,2022,2023,11,,
Rockwall & Rowlett,Italian Restaurant,Luigi's Italian Café,2013,2014,2015,2016,2017,2018,2019,2020,2021,2022,2023,11,,
Arlington & Mansfield,Emergency Room,Arlington & Mansfieldsfield Methodist Hospital,2013,2014,2015,2016,2017,2018,2019,2020,2021,2022,2023,11,,
McKinney & Allen,Private School,McKinney & Alleninney Christian Academy,2013,2014,2015,2016,2017,2018,2019,2020,2021,2022,2023,11,,
Arlington & Mansfield,Hospital,Methodist Arlington & Mansfieldsfield Medical Center,2013,2014,2015,2016,2017,2018,2019,2020,2021,2022,2023,11,,
McKinney & Allen,Health Food Store,Mike's Health Collection,2013,2014,2015,2016,2017,2018,2019,2020,2021,2022,2023,11,,
Rockwall & Rowlett,Plastic Surgeon,Regional Plastic Surgery Center,2013,2014,2015,2016,2017,2018,2019,2020,2021,2022,2023,11,,
McKinney & Allen,Steak,Rick's Chophouse,2013,2014,2015,2016,2017,2018,2019,2020,2021,2022,2023,11,,
Rockwall & Rowlett,Endodontist,Rockwall & Rowlettwall Heath Endodontics - Dr. Ajay Gulati,2013,2014,2015,2016,2017,2018,2019,2020,2021,2022,2023,11,,
Keller,Golf Course,Sky Creek Ranch Golf Club,2013,2014,2015,2016,2017,2018,2019,2020,2021,2022,2023,11,,
Flower Mound,Health Food Store,SProsper & Celinauts Farmers Market,2013,2014,2015,2016,2017,2018,2019,2020,2021,2022,2023,11,,
Northeast Tarrant County,Health Food Store,Sunflower Shoppe,2013,2014,2015,2016,2017,2018,2019,2020,2021,2022,2023,11,,
Rockwall & Rowlett,Emergency Room,Texas Health Hospital Rockwall & Rowlettwall,2013,2014,2015,2016,2017,2018,2019,2020,2021,2022,2023,11,,
Rockwall & Rowlett,Hospital,Texas Health Hospital Rockwall & Rowlettwall,2013,2014,2015,2016,2017,2018,2019,2020,2021,2022,2023,11,,
Flower Mound,Hospital,Texas Health Presbyterian Flower Mound,2013,2014,2015,2016,2017,2018,2019,2020,2021,2022,2023,11,,
McKinney & Allen,ENT,The ENT & Allergy Centers of Texas,2013,2014,2015,2016,2017,2018,2019,2020,2021,2022,2023,11,,
Arlington & Mansfield,Dermatologist,United Dermatology Associates,2013,2014,2015,2016,2017,2018,2019,2020,2021,2022,2023,11,,
Arlington & Mansfield,College/University,University of Texas at Arlington,2013,2014,2015,2016,2017,2018,2019,2020,2021,2022,2023,11,,
Arlington & Mansfield,Golf Course,Walnut Creek Country Club,2013,2014,2015,2016,2017,2018,2019,2020,2021,2022,2023,11,,
Rockwall & Rowlett,Jewelry Store,Willis Fine Jewelry,2013,2014,2015,2016,2017,2018,2019,2020,2021,2022,2023,11,,
Fort Bend,Pizza,Grimaldi's Pizzeria,2013,2014,2015,2016,2017,2018,2019,2020,2021,2022,2023,11,,
Cy-Fair,Realtor,Patricia Fleming Realty Group,2013,2014,2015,2016,2017,2018,2019,2020,2021,2022,2023,11,,
Arlington & Mansfield,Auto Repair Shop,B&M Auto Specialists,,2014,2015,2016,2017,2018,2019,2020,2021,2022,2023,10,,
Flower Mound,Golf Course,Bridlewood Golf Club,,2014,2015,2016,2017,2018,2019,2020,2021,2022,2023,10,,
Rockwall & Rowlett,Pulmonologist,"BSW - Pulmonary Care Consultants - Dr. Delano S. Fabro Jr, DO",,2014,2015,2016,2017,2018,2019,2020,2021,2022,2023,10,,
Coppell & North Irving,Jewelry Store,Gold N Carats Jewelers,,2014,2015,2016,2017,2018,2019,2020,2021,2022,2023,10,,
Northeast Tarrant County,Landscape Company,Highland Landscaping,,2014,2015,2016,2017,2018,2019,2020,2021,2022,2023,10,,
McKinney & Allen,Photographer,Jilly Bean Photography,,2014,2015,2016,2017,2018,2019,2020,2021,2022,2023,10,,
Arlington & Mansfield,Italian Restaurant,La Gondola Italian,,2014,2015,2016,2017,2018,2019,2020,2021,2022,2023,10,,
Rockwall & Rowlett,General Surgeon,Lakeside Surgery,,2014,2015,2016,2017,2018,2019,2020,2021,2022,2023,10,,
Frisco & Plano,Plumber,Legacy Plumbing,,2014,2015,2016,2017,2018,2019,2020,2021,2022,2023,10,,
Arlington & Mansfield,Home Builder,Arlington & Mansfieldsfield Custom Homes,,2014,2015,2016,2017,2018,2019,2020,2021,2022,2023,10,,
Rockwall & Rowlett,Tutoring Company,Mathnasium,,2014,2015,2016,2017,2018,2019,2020,2021,2022,2023,10,,
Arlington & Mansfield,Psychiatrist,Rabjohn Behavioral Institute,,2014,2015,2016,2017,2018,2019,2020,2021,2022,2023,10,,
Rockwall & Rowlett,Urgent Care,Rockwall & Rowlettwall Urgent Care,,2014,2015,2016,2017,2018,2019,2020,2021,2022,2023,10,,
Northeast Tarrant County,Local Weight Loss Prosper & Celinagram,Slim4Life,,2014,2015,2016,2017,2018,2019,2020,2021,2022,2023,10,,
Keller,Flooring Store,The Floor Store of Kellerler,,2014,2015,2016,2017,2018,2019,2020,2021,2022,2023,10,,
Rockwall & Rowlett,Car Dealership,Toyota of Rockwall & Rowlettwall,,2014,2015,2016,2017,2018,2019,2020,2021,2022,2023,10,,
Cy-Fair,Periodontist,"Charles E. Dyer IV, DDS., MS",,2014,2015,2016,2017,2018,2019,2020,2021,2022,2023,10,,
Cy-Fair,Grocer,H-E-B,,2014,2015,2016,2017,2018,2019,2020,2021,2022,2023,10,,
Fort Bend,Grocer,H-E-B,,2014,2015,2016,2017,2018,2019,2020,2021,2022,2023,10,,
The Woodlands,College/University,Lone Star College,,2014,2015,2016,2017,2018,2019,2020,2021,2022,2023,10,,
The Woodlands,Podiatrist,Sweeney Foot and Ankle Specialists,,2014,2015,2016,2017,2018,2019,2020,2021,2022,2023,10,,
Arlington & Mansfield,Cardiac Surgeon,Darien W. Bradford - Methodist Heart & Lung,2013,,2015,2016,2017,2018,2019,2020,2021,2022,2023,10,,
Rockwall & Rowlett,Heating/Air Company,Lyons Air Conditioning & Heating,2013,,2015,2016,2017,2018,2019,2020,2021,2022,2023,10,,
Frisco & Plano,Optometrist,"Plano Eye Associates - East - Tim Wright, OD",2013,,2015,2016,2017,2018,2019,2020,2021,2022,2023,10,,
Arlington & Mansfield,Sushi,Suzushii Sushi and Grill,2013,,2015,2016,2017,2018,2019,2020,2021,2022,2023,10,,
Rockwall & Rowlett,Plumber,Total Plumbing,2013,,2015,2016,2017,2018,2019,2020,2021,2022,2023,10,,
The Woodlands,Steak,Perry's Steakhouse & GrInner Loople,2013,,2015,2016,2017,2018,2019,2020,2021,2022,2023,10,,
Rockwall & Rowlett,Nursery/GarDenton Center,Covington's,2013,2014,,2016,2017,2018,2019,2020,2021,2022,2023,10,,
Frisco & Plano,Painting Company,Southern Painting,2013,2014,,2016,2017,2018,2019,2020,2021,2022,2023,10,,
Rockwall & Rowlett,College/University,Texas A&M Commerce,2013,2014,,2016,2017,2018,2019,2020,2021,2022,2023,10,,
Frisco & Plano,Gymnastics,WOGA,2013,2014,,2016,2017,2018,2019,2020,2021,2022,2023,10,,
Fort Bend,Nursery/Garden Center,Enchanted Gardens/Enchanted Forest,2013,2014,,2016,2017,2018,2019,2020,2021,2022,2023,10,,
Fort Bend,Hospital,Houston Methodist Hospital Sugar Land,2013,2014,,2016,2017,2018,2019,2020,2021,2022,2023,10,,
Coppell & North Irving,Baby/Children Boutique,Heaven Sent Children's Boutique ,2013,2014,2015,,2017,2018,2019,2020,2021,2022,2023,10,,
Fort Bend,Manicure/Pedicure,Sweetwater NaInner Loops & Spa,2013,2014,2015,,2017,2018,2019,2020,2021,2022,2023,10,,
McKinney & Allen,Hotel,Grand Hotel & Ballroom,2013,2014,2015,2016,,2018,2019,2020,2021,2022,2023,10,,
Rockwall & Rowlett,Hotel,Hilton Harbor at Rockwall & Rowlettwall,2013,2014,2015,2016,,2018,2019,2020,2021,2022,2023,10,,
The Woodlands,Bay Area & Friendswoodnk/Financial Institution,Woodforest National Bay Area & Friendswoodnk,2013,2014,2015,2016,,2018,2019,2020,2021,2022,2023,10,,
Keller,Gymnastics,ASI Gymnastics,2013,2014,2015,2016,2017,,2019,2020,2021,2022,2023,10,,
Northeast Tarrant County,Orthodontist,Jolley Orthodontics - Dr. Cameron Jolley,2013,2014,2015,2016,2017,,2019,2020,2021,2022,2023,10,,
Katy & Fulshear,Jewelry Store,Amber's Designs,2013,2014,2015,2016,2017,,2019,2020,2021,2022,2023,10,,
Cy-Fair,Wine Bay Area & Friendswoodr,d'Vine Wine Bay Area & Friendswoodr,2013,2014,2015,2016,2017,,2019,2020,2021,2022,2023,10,,
Fort Bend,Steak,Perry's Steakhouse & GrInner Loople,2013,2014,2015,2016,2017,,2019,2020,2021,2022,2023,10,,
Katy & Fulshear,Steak,Perry's Steakhouse & GrInner Loople,2013,2014,2015,2016,2017,,2019,2020,2021,2022,2023,10,,
Katy & Fulshear,Sushi,Sushi Hana Japanese Kitchen,2013,2014,2015,2016,2017,,2019,2020,2021,2022,2023,10,,
The Woodlands,Sushi,Uni Sushi,2013,2014,2015,2016,2017,,2019,2020,2021,2022,2023,10,,
Rockwall & Rowlett,Golf Course,Buffalo Creek,2013,2014,2015,2016,2017,2018,,2020,2021,2022,2023,10,,
Cy-Fair,ChInner Loopd Care,Kids R Kids,2013,2014,2015,2016,2017,2018,,2020,2021,2022,2023,10,,
Arlington & Mansfield,Urgent Care,Arlington & Mansfieldsfield Urgent Care and Family Medicine,2013,2014,2015,2016,2017,2018,2019,,2021,2022,2023,10,,
The Woodlands,Pizza,Crust Pizza,2013,2014,2015,2016,2017,2018,2019,,2021,2022,2023,10,,
Frisco & Plano,Hospital,Baylor Scott & White Medical Center,2013,2014,2015,2016,2017,2018,2019,2020,2021,,2023,10,,
Keller,Grocer,Kroger,2013,2014,2015,2016,2017,2018,2019,2020,2021,,2023,10,,
Arlington & Mansfield,Martial Arts,Troy Dorsey's Karate,2013,2014,2015,2016,2017,2018,2019,2020,2021,,2023,10,,
Flower Mound,Pet Boarding,Canine Courtyard,,,2015,2016,2017,2018,2019,2020,2021,2022,2023,9,,
Prosper & Celina,ENT,ENT & Allergy Centers of Texas,,,2015,2016,2017,2018,2019,2020,2021,2022,2023,9,,
Rockwall & Rowlett,Mortgage Lender,Highlands ResiDentontial Mortgage - Sherri Crayne,,,2015,2016,2017,2018,2019,2020,2021,2022,2023,9,,
Keller,Florist,Kellerler Florist,,,2015,2016,2017,2018,2019,2020,2021,2022,2023,9,,
McKinney & Allen,Oral Surgeon,"Mark A. Craig, DDS, MD",,,2015,2016,2017,2018,2019,2020,2021,2022,2023,9,,
Arlington & Mansfield,Wine Bar,"Poured - Wine, Beer & Bubbly",,,2015,2016,2017,2018,2019,2020,2021,2022,2023,9,,
McKinney & Allen,Chiropractor,Scott Chiropractic & Wellness - Dr. Matthew Scott,,,2015,2016,2017,2018,2019,2020,2021,2022,2023,9,,
Rockwall & Rowlett,Pediatric Dentontist,Smiley Tooth Pediatric Dentontal Specialists,,,2015,2016,2017,2018,2019,2020,2021,2022,2023,9,,
McKinney & Allen,Wine Bar,Zin Zen Wine & Bistro,,,2015,2016,2017,2018,2019,2020,2021,2022,2023,9,,
Cy-Fair,Veterinarian,Animal ER Northwest Houston,,,2015,2016,2017,2018,2019,2020,2021,2022,2023,9,,
Cy-Fair,Mortgage Lender,C & T Mortgage,,,2015,2016,2017,2018,2019,2020,2021,2022,2023,9,,
Fort Bend,Photographer,Kelley Sweet Photography,,,2015,2016,2017,2018,2019,2020,2021,2022,2023,9,,
Fort Bend,Urgent Care,Next Level Urgent Care,,,2015,2016,2017,2018,2019,2020,2021,2022,2023,9,,
Coppell & North Irving,Barbecue,Hard Eight BBQ,,2014,,2016,2017,2018,2019,2020,2021,2022,2023,9,,
Rockwall & Rowlett,Pizza,Samee's Pizza Getti,2013,,,2016,2017,2018,2019,2020,2021,2022,2023,9,,
Northeast Tarrant County,Veterinarian,Tara Animal Hospital,2013,,,2016,2017,2018,2019,2020,2021,2022,2023,9,,
Coppell & North Irving,Florist,Flowers of Las Colinas,,2014,2015,,2017,2018,2019,2020,2021,2022,2023,9,,
Flower Mound,Orthopedic Surgeon,Orthopedic Associates,,2014,2015,,2017,2018,2019,2020,2021,2022,2023,9,,
Rockwall & Rowlett,Vein Doctor,Vanguard Vascular & Vein - Dr. Franklin Yau,,2014,2015,,2017,2018,2019,2020,2021,2022,2023,9,,
Cy-Fair,Mexican Restaurant,Alicia's Mexican GrInner Loople,,2014,2015,,2017,2018,2019,2020,2021,2022,2023,9,,
Cy-Fair,College/University,Lone Star College,,2014,2015,,2017,2018,2019,2020,2021,2022,2023,9,,
Fort Bend,College/University,University of Houston,,2014,2015,,2017,2018,2019,2020,2021,2022,2023,9,,
Coppell & North Irving,Allergist,Adair Allergy & Asthma - Dr. Margaret Adair,2013,2014,,,2017,2018,2019,2020,2021,2022,2023,9,,
Northeast Tarrant County,Emergency Room,Baylor Scott & White Medical Center - Grapevine,2013,2014,,,2017,2018,2019,2020,2021,2022,2023,9,,
Arlington & Mansfield,Pizza,Mama's Pizza,2013,2014,,,2017,2018,2019,2020,2021,2022,2023,9,,
Flower Mound,Arlington & Mansfieldicure/Pedicure,Bliss Nail Spa,2013,2014,,2016,,2018,2019,2020,2021,2022,2023,9,,
Northeast Tarrant County,Italian Restaurant,Café Italia,2013,2014,,2016,,2018,2019,2020,2021,2022,2023,9,,
Rockwall & Rowlett,Urologist,Urology Clinics of North Texas,,2014,2015,2016,2017,,2019,2020,2021,2022,2023,9,,
Memorial,Grocer,H-E-B,,2014,2015,2016,2017,,2019,2020,2021,2022,2023,9,,
The Woodlands,Grocer,H-E-B,,2014,2015,2016,2017,,2019,2020,2021,2022,2023,9,,
Katy & Fulshear,Maid/Cleaning Service,MaidPro,,2014,2015,2016,2017,,2019,2020,2021,2022,2023,9,,
Memorial,Hospital,Memorialorial HeRichmondann Memorialorial City,,2014,2015,2016,2017,,2019,2020,2021,2022,2023,9,,
Frisco & Plano,Medspa,Skin MD & Beyond,2013,,2015,2016,2017,,2019,2020,2021,2022,2023,9,,
Rockwall & Rowlett,Carpet Restoration/Cleaning,Doiggs Restoration & Cleaning,2013,2014,2015,2016,,,2019,2020,2021,2022,2023,9,,
Flower Mound,Seafood,Fish City Grill,,2014,2015,2016,2017,2018,,2020,2021,2022,2023,9,,
Coppell & North Irving,Car Dealership,Toyota of Irving,,2014,2015,2016,2017,2018,,2020,2021,2022,2023,9,,
Arlington & Mansfield,Nursery/GarDenton Center,Calloway's Nursery,2013,2014,,2016,2017,2018,,2020,2021,2022,2023,9,,
McKinney & Allen,Grocer,Market Street,2013,2014,,2016,2017,2018,,2020,2021,2022,2023,9,,
Fort Bend,Maid/Cleaning Service,MaidPro,2013,2014,2015,2016,2017,,,2020,2021,2022,2023,9,,
Rockwall & Rowlett,Martial Arts,Rockwall & Rowlettwall Black Belt Academy,2013,2014,2015,2016,2017,2018,,,2021,2022,2023,9,,
Flower Mound,Podiatrist,DFW Foot and Ankle,,2014,2015,2016,2017,2018,2019,2020,,2022,2023,9,,
Flower Mound,Rehabilitation Center - Physical,Medical Center of Lewisville,2013,2014,2015,,2017,2018,2019,2020,,2022,2023,9,,
Arlington & Mansfield,Gymnastics,ASI Gymnastics,2013,2014,2015,2016,2017,,2019,2020,,2022,2023,9,,
Frisco & Plano,Burgers,Kenny's Burger Joint,2013,2014,,2016,2017,2018,2019,2020,2021,,2023,9,,
Coppell & North Irving,Hospital,Baylor Scott & White Medical Center - Irving,2013,2014,2015,2016,2017,,2019,2020,2021,,2023,9,,
Northeast Tarrant County,Spine Surgeon,Spine Team Texas,2013,2014,2015,2016,2017,2018,,2020,2021,,2023,9,,
McKinney & Allen,Title Company,Republic Title of Texas,2013,2014,2015,2016,2017,2018,2019,2020,,,2023,9,,
McKinney & Allen,Pizza,Cadillac Pizza,,,,2016,2017,2018,2019,2020,2021,2022,2023,8,,
Arlington & Mansfield,Photographer,Daydream Photography - Landan Day,,,,2016,2017,2018,2019,2020,2021,2022,2023,8,,
Northeast Tarrant County,Acupuncture,Dunn Acupuncture & Allergy Center,,,,2016,2017,2018,2019,2020,2021,2022,2023,8,,
Frisco & Plano,Remodeler,Elite Remodeling,,,,2016,2017,2018,2019,2020,2021,2022,2023,8,,
Rockwall & Rowlett,Maid/Cleaning Service,Green Cleaning DFW,,,,2016,2017,2018,2019,2020,2021,2022,2023,8,,
Coppell & North Irving,Nursery/GarDenton Center,Grow It Land Design,,,,2016,2017,2018,2019,2020,2021,2022,2023,8,,
Rockwall & Rowlett,Insurance Agent,Hanby Insurance,,,,2016,2017,2018,2019,2020,2021,2022,2023,8,,
McKinney & Allen,Italian Restaurant,Italian GarDenton,,,,2016,2017,2018,2019,2020,2021,2022,2023,8,,
Coppell & North Irving,Urgent Care,Legacy ER & Urgent Care,,,,2016,2017,2018,2019,2020,2021,2022,2023,8,,
Frisco & Plano,Urgent Care,Legacy ER & Urgent Care,,,,2016,2017,2018,2019,2020,2021,2022,2023,8,,
McKinney & Allen,Plastic Surgeon,North Texas Plastic and Reconstructive Surgery,,,,2016,2017,2018,2019,2020,2021,2022,2023,8,,
Richardson & Murphy,Child Care,Oak Brook School,,,,2016,2017,2018,2019,2020,2021,2022,2023,8,,
Prosper & Celina,Insurance Agent (Auto & Home),Prosper & Celinasper Insurance Center - David Huck,,,,2016,2017,2018,2019,2020,2021,2022,2023,8,,
Rockwall & Rowlett,Music Studio/Lessons,Rockwall & Rowlettwall School of Music,,,,2016,2017,2018,2019,2020,2021,2022,2023,8,,
Frisco & Plano,TMJ Dentontist,Star Ranch Dentontal,,,,2016,2017,2018,2019,2020,2021,2022,2023,8,,
Rockwall & Rowlett,Neurosurgeon,Texas Brain & Spine,,,,2016,2017,2018,2019,2020,2021,2022,2023,8,,
Flower Mound,Sleep Doctor/Specialist,TMJ & Sleep Therapy Centre of North Texas,,,,2016,2017,2018,2019,2020,2021,2022,2023,8,,
Flower Mound,TMJ Dentontist,TMJ and Sleep Therapy Centre of North Texas - Dr. Shab Krish,,,,2016,2017,2018,2019,2020,2021,2022,2023,8,,
McKinney & Allen,Place for Craft Beer,Tupps Brewery,,,,2016,2017,2018,2019,2020,2021,2022,2023,8,,
Flower Mound,Bariatric Surgeon,Weight Loss Specialists of North Texas - Dr. Folahan Ayoola,,,,2016,2017,2018,2019,2020,2021,2022,2023,8,,
The Woodlands,Cosmetic Dentist,Carrie Muzny & Associates,,,,2016,2017,2018,2019,2020,2021,2022,2023,8,,
Fort Bend,EmergenCy-Fair Room,Houston Methodist Hospital Sugar Land,,,,2016,2017,2018,2019,2020,2021,2022,2023,8,,
Fort Bend,Flooring Store,Inspired Floors,,,,2016,2017,2018,2019,2020,2021,2022,2023,8,,
Cy-Fair,Wedding/Event Venue,Lindsay Lakes,,,,2016,2017,2018,2019,2020,2021,2022,2023,8,,
Cy-Fair,Italian Restaurant,Marvino's Italian Steakhouse,,,,2016,2017,2018,2019,2020,2021,2022,2023,8,,
Fort Bend,Acupuncture,Mirvana Acupuncture,,,,2016,2017,2018,2019,2020,2021,2022,2023,8,,
The Woodlands,Tutoring Company,Read Frog Dyslexia & Educational Services,,,,2016,2017,2018,2019,2020,2021,2022,2023,8,,
The Woodlands,Orthodontist,Showtime Orthodontics,,,,2016,2017,2018,2019,2020,2021,2022,2023,8,,
Frisco & Plano,Women's Boutique,Distinctively Hers,,,2015,,2017,2018,2019,2020,2021,2022,2023,8,,
Rockwall & Rowlett,ENT,Lakeside Allergy ENT,,,2015,,2017,2018,2019,2020,2021,2022,2023,8,,
Richardson & Murphy,Orthopedic Surgeon,Orthopedic & Sports Medicine Center - Dr. Todd Johnson,,,2015,,2017,2018,2019,2020,2021,2022,2023,8,,
McKinney & Allen,Martial Arts,Vu's Martial Arts,,2014,,,2017,2018,2019,2020,2021,2022,2023,8,,
Cy-Fair,Golf Course,Blackhorse Golf Club,,2014,,,2017,2018,2019,2020,2021,2022,2023,8,,
Cy-Fair,Gymnastics,Cy-Fairpress Academy of Gymnastics,,2014,,,2017,2018,2019,2020,2021,2022,2023,8,,
Cy-Fair,Roofing Company,Telge Roofing,,2014,,,2017,2018,2019,2020,2021,2022,2023,8,,
Flower Mound,Bridal Store,Bridal Boutique,2013,,,,2017,2018,2019,2020,2021,2022,2023,8,,
Rockwall & Rowlett,Pediatrician,Lake Ray Hubbard Pediatrics,2013,,,,2017,2018,2019,2020,2021,2022,2023,8,,
Rockwall & Rowlett,Bridal Store,Prosper & CelinaviDentonce Place Bridal Shop,2013,,,,2017,2018,2019,2020,2021,2022,2023,8,,
The Woodlands,Laser Hair Removal,Avante Laser & Medispa,2013,,,,2017,2018,2019,2020,2021,2022,2023,8,,
Cy-Fair,Bay Area & Friendswoodby/ChInner Loopdren Boutique,Freckles ChInner Loopdren's Boutique,2013,,2015,,,2018,2019,2020,2021,2022,2023,8,,
Keller,College/University,Texas Christian University,,,2015,2016,2017,,2019,2020,2021,2022,2023,8,,
Memorial,Health Club/Gym,Memorialorial Athletic Club,,2014,,2016,2017,,2019,2020,2021,2022,2023,8,,
Katy & Fulshear,ENT,Texas ENT Specialists,,2014,,2016,2017,,2019,2020,2021,2022,2023,8,,
Coppell & North Irving,Gymnastics,Texas Dreams Gymnastics,,2014,2015,,2017,,2019,2020,2021,2022,2023,8,,
Katy & Fulshear,Grocer,H-E-B,,2014,2015,,2017,,2019,2020,2021,2022,2023,8,,
Arlington & Mansfield,OB/GYN,Omega Ob-Gyn Associates,2013,,2015,,2017,,2019,2020,2021,2022,2023,8,,
The Woodlands,Private Spring & Championhool,The John Cooper Spring & Championhool,2013,2014,,,2017,,2019,2020,2021,2022,2023,8,,
Coppell & North Irving,Yoga Class Studio,SunstoneFIT,2013,2014,,2016,,,2019,2020,2021,2022,2023,8,,
McKinney & Allen,Pet Groomer,Fur Friends,2013,2014,2015,,,,2019,2020,2021,2022,2023,8,,
Rockwall & Rowlett,CPA,"Mike Oliver, CPA, LLC",2013,2014,2015,,,,2019,2020,2021,2022,2023,8,,
Rockwall & Rowlett,Spine Surgeon,Texas Back Institute,,,2015,2016,2017,2018,,2020,2021,2022,2023,8,,
Keller,Bank/Financial Institution,First Financial Bank,2013,,,2016,2017,2018,,2020,2021,2022,2023,8,,
The Woodlands,Wine Bay Area & Friendswoodr,Cru Food & Wine Bay Area & Friendswoodr,2013,,,2016,2017,2018,,2020,2021,2022,2023,8,,
Flower Mound,Hair Salon,Cloud 9 Salon and Spa,2013,2014,,2016,,2018,,2020,2021,2022,2023,8,,
Katy & Fulshear,Podiatrist,Your Total Foot Care Specialist,2013,2014,2015,20116,,,,2020,2021,2022,2023,8,,
Arlington & Mansfield,Attorney - Business Law,Harris Cook LLP,,,2015,2016,2017,2018,2019,,2021,2022,2023,8,,
Richardson & Murphy,Hospital,Methodist Richardson & Murphyardson Medical Center,,,2015,2016,2017,2018,2019,,2021,2022,2023,8,,
Prosper & Celina,Family Dentontist,Prosper & Celinasper Family Dentontistry,,,2015,2016,2017,2018,2019,,2021,2022,2023,8,,
Fort Bend,Periodontist,"J. Gregory Condrey DDS, MS",,,2015,2016,2017,2018,2019,,2021,2022,2023,8,,
Katy & Fulshear,Dance Studio,Connolly Dance Arts,,2014,2015,2016,2017,,2019,,2021,2022,2023,8,,
McKinney & Allen,Seafood,Rockwall & Rowlettfish Seafood & Grill,2013,,2015,2016,2017,,2019,,2021,2022,2023,8,,
Northeast Tarrant County,College/University,Texas Christian University,2013,,2015,2016,2017,2018,,,2021,2022,2023,8,,
Cy-Fair,Cosmetic Dentist,Dr. Lori Logan,2013,2014,2015,2016,2017,,,,2021,2022,2023,8,,
Richardson & Murphy,Pool Company,Hobert Pools & Spas,,,2015,2016,2017,2018,2019,2020,,2022,2023,8,,
Frisco & Plano,Car Dealership,Park Place Lexus,,2014,,2016,2017,2018,2019,2020,,2022,2023,8,,
Northeast Tarrant County,Auto Repair Shop,Ethridge Auto Center,,2014,2015,2016,,2018,2019,2020,,2022,2023,8,,
Northeast Tarrant County,Deli,Weinberger's Deli,,2014,2015,2016,,2018,2019,2020,,2022,2023,8,,
Keller,Deli,Jason's Deli,2013,,2015,2016,2017,,2019,2020,,2022,2023,8,,
Katy & Fulshear,Pain Management,Advanced Interventional Pain Consultants,2013,2014,2015,,2017,,2019,2020,,2022,2023,8,,
Rockwall & Rowlett,Spa,Belfiore Salon & Day Spa,2013,2014,,2016,2017,2018,2019,,,2022,2023,8,,
Keller,CPA,"Allen Consulting, Ed Allen",,,2015,2016,2017,2018,2019,2020,2021,,2023,8,,
Richardson & Murphy,Mexican Restaurant,Frankie's Mexican Cuisine,,,2015,2016,2017,2018,2019,2020,2021,,2023,8,,
Coppell & North Irving,Place for a Massage,Hand & Stone Massage and Facial Spa,,,2015,2016,2017,2018,2019,2020,2021,,2023,8,,
The Woodlands,Urgent Care,Davam Urgent Care,,,2015,2016,2017,2018,2019,2020,2021,,2023,8,,
Coppell & North Irving,Grocer,Kroger,,2014,2015,2016,,2018,2019,2020,2021,,2023,8,,
Flower Mound,Early Education,Trietsch EnRichardson & Murphyment Center,,2014,2015,2016,,2018,2019,2020,2021,,2023,8,,
Fort Bend,Title Company,Stewart Title,2013,,2015,2016,,2018,2019,2020,2021,,2023,8,,
Northeast Tarrant County,Seafood,Truluck's,,2014,2015,2016,2017,,2019,2020,2021,,2023,8,,
Katy & Fulshear,Gymnastics,Westwood Gymnastics & Dance,,2014,2015,2016,2017,,2019,2020,2021,,2023,8,,
Keller,Vein Doctor,"Kallal Medical Group - Dr. Kevin Kallal, MD",,2014,2015,2016,2017,2018,2019,,2021,,2023,8,,
Katy & Fulshear,Allergist,Southwest Asthma & Allergy Associates,2013,2014,2015,2016,2017,,2019,,2021,,2023,8,,
Fort Bend,Health Food Store,Whole Foods,2013,2014,2015,2016,2017,2018,,,2021,,2023,8,,
Flower Mound,Deli,Jason's Deli,,2014,2015,2016,2017,2018,2019,2020,,,2023,8,,
McKinney & Allen,Plumber,Benjamin Franklin Plumbing,2013,,2015,2016,2017,2018,2019,2020,,,2023,8,,
Cy-Fair,Tutoring Company,SpiderSmart Learning Center Cy-Fairpress,2013,2014,2015,2016,,2018,2019,2020,,,2023,8,,
Keller,Wine shop,El Wine Chateau,2013,2014,2015,2016,2017,2018,2019,,,,2023,8,,
Coppell & North Irving,Early Education,Sloan School,2013,2014,2015,2016,2017,2018,2019,,,,2023,8,,
Keller,Auto Repair Shop,AAMCO,,,,,2017,2018,2019,2020,2021,2022,2023,7,,
Arlington & Mansfield,Vein Doctor,Atlas Vein Care,,,,,2017,2018,2019,2020,2021,2022,2023,7,,
Rockwall & Rowlett,Attorney - Business Law,Atrium Legal Group,,,,,2017,2018,2019,2020,2021,2022,2023,7,,
Rockwall & Rowlett,Insurance Agent (Health),Cherie Jones - US Health Advisors,,,,,2017,2018,2019,2020,2021,2022,2023,7,,
Rockwall & Rowlett,Indian Restaurant,Curry Express Indian Bistro,,,,,2017,2018,2019,2020,2021,2022,2023,7,,
Keller,Spine Surgeon,DISC Spine Institute,,,,,2017,2018,2019,2020,2021,2022,2023,7,,
Flower Mound,Pizza,Enzo's,,,,,2017,2018,2019,2020,2021,2022,2023,7,,
Frisco & Plano,Barbecue,Hutchin's BBQ,,,,,2017,2018,2019,2020,2021,2022,2023,7,,
Coppell & North Irving,Women's Boutique,Let It Shine,,,,,2017,2018,2019,2020,2021,2022,2023,7,,
Keller,Outdoor Structure Company,Lone Star Outdoor Creations,,,,,2017,2018,2019,2020,2021,2022,2023,7,,
Arlington & Mansfield,Cosmetic Surgeon,Arlington & Mansfieldsfield Cosmetic Surgery Center - Dr. Michael Thornton,,,,,2017,2018,2019,2020,2021,2022,2023,7,,
Flower Mound,Medspa,Med Spa of Flower Mound,,,,,2017,2018,2019,2020,2021,2022,2023,7,,
Richardson & Murphy,Early Education,Oak Brook School,,,,,2017,2018,2019,2020,2021,2022,2023,7,,
Rockwall & Rowlett,Seafood,Pier 101,,,,,2017,2018,2019,2020,2021,2022,2023,7,,
Prosper & Celina,Florist,Prosper & Celinasper Blooms & Gifts,,,,,2017,2018,2019,2020,2021,2022,2023,7,,
Arlington & Mansfield,CPA,PSK LLP,,,,,2017,2018,2019,2020,2021,2022,2023,7,,
Coppell & North Irving,Title Company,Republic Title of Texas,,,,,2017,2018,2019,2020,2021,2022,2023,7,,
Richardson & Murphy,Title Company,Republic Title of Texas,,,,,2017,2018,2019,2020,2021,2022,2023,7,,
Northeast Tarrant County,Jewelry Store,Southlake Jewelers,,,,,2017,2018,2019,2020,2021,2022,2023,7,,
Northeast Tarrant County,Gastroenterologist,Texas Digestive Disease Consultants,,,,,2017,2018,2019,2020,2021,2022,2023,7,,
Keller,ENT,Texas ENT Center,,,,,2017,2018,2019,2020,2021,2022,2023,7,,
Flower Mound,Realtor,The Gaskill Group,,,,,2017,2018,2019,2020,2021,2022,2023,7,,
Rockwall & Rowlett,TMJ Dentontist,"TMJ, Headaches & Migraine, Snoring & Sleep Disorders - Dr. Ron Perkins",,,,,2017,2018,2019,2020,2021,2022,2023,7,,
Frisco & Plano,Foundation Repair,Williamson Foundation Repair,,,,,2017,2018,2019,2020,2021,2022,2023,7,,
Cy-Fair,Nursery/Garden Center,Arbor Gate,,,,,2017,2018,2019,2020,2021,2022,2023,7,,
Cy-Fair,Patio Furniture Company,Chair King Bay Area & Friendswoodckyard Store,,,,,2017,2018,2019,2020,2021,2022,2023,7,,
The Woodlands,Patio Furniture Company,Chair King Bay Area & Friendswoodckyard Store,,,,,2017,2018,2019,2020,2021,2022,2023,7,,
The Woodlands,Audiologist,Clarity Hearing,,,,,2017,2018,2019,2020,2021,2022,2023,7,,
Cy-Fair,Neurologist,GInner Loopl NeuroSpring & Championience - Dr. Paul GInner Loopl,,,,,2017,2018,2019,2020,2021,2022,2023,7,,
Fort Bend,Vein Doctor,Reincke Vein Center,,,,,2017,2018,2019,2020,2021,2022,2023,7,,
The Woodlands,Jewelry Store,Robichau's Jewelry,,,,,2017,2018,2019,2020,2021,2022,2023,7,,
Prosper & Celina,Golf Course,Gentle Creek Country Club,,,,2016,,2018,2019,2020,2021,2022,2023,7,,
Northeast Tarrant County,Furniture Store,Stacy Furniture & Design,,,,2016,,2018,2019,2020,2021,2022,2023,7,,
Richardson & Murphy,Asian Restaurant,Sticky Rice,,,,2016,,2018,2019,2020,2021,2022,2023,7,,
Rockwall & Rowlett,Foundation Repair,Williamson Foundation Repair,,,,2016,,2018,2019,2020,2021,2022,2023,7,,
Fort Bend,Spa,The Woodhouse Day Spa,,,,2016,,2018,2019,2020,2021,2022,2023,7,,
Northeast Tarrant County,Wine Shop,Bear Creek Spirits & Wine,,,2015,,,2018,2019,2020,2021,2022,2023,7,,
Northeast Tarrant County,Financial Advisor,Box Financial Advisor,,,2015,,,2018,2019,2020,2021,2022,2023,7,,
Coppell & North Irving,Periodontist,Walker Periodontics & Implant Dentontistry,,,2015,,,2018,2019,2020,2021,2022,2023,7,,
The Woodlands,Furniture Store,Gallery Furniture,,,2015,,,2018,2019,2020,2021,2022,2023,7,,
McKinney & Allen,Nursery/GarDenton Center,Puckett's Nursery,,2014,,,,2018,2019,2020,2021,2022,2023,7,,
Frisco & Plano,Grocer,Market Street,2013,,,,,2018,2019,2020,2021,2022,2023,7,,
Flower Mound,College/University,University of North Texas,2013,,,,,2018,2019,2020,2021,2022,2023,7,,
Richardson & Murphy,Foundation Repair,Williamson Foundation Repair,,,,2016,2017,,2019,2020,2021,2022,2023,7,,
Katy & Fulshear,Pet Boarding,Camp Bow Wow,,,,2016,2017,,2019,2020,2021,2022,2023,7,,
Memorial,PInner Loopates Class,Club PInner Loopates Memorialorial,,,,2016,2017,,2019,2020,2021,2022,2023,7,,
Katy & Fulshear,Place for craft Beer,No Label Brewery,,,,2016,2017,,2019,2020,2021,2022,2023,7,,
Katy & Fulshear,Audiologist,Today's Hearing,,,,2016,2017,,2019,2020,2021,2022,2023,7,,
The Woodlands,Oral Surgeon,Northwest Oral & MaxInner Looplofacial Surgery,,,2015,,2017,,2019,2020,2021,2022,2023,7,,
Katy & Fulshear,Italian Restaurant,Da Vinci Ristorante Italiano,,2014,,,2017,,2019,2020,2021,2022,2023,7,,
Memorial,Golf Course,Memorialorial Park Golf Course,,2014,,,2017,,2019,2020,2021,2022,2023,7,,
Northeast Tarrant County,Family Practice Doctor/Group,Destination Health,2013,,,,2017,,2019,2020,2021,2022,2023,7,,
Arlington & Mansfield,Summer Camp,Camp ThurArlington & Mansfield,,,,2016,2017,2018,,2020,2021,2022,2023,7,,
Arlington & Mansfield,Pulmonologist,Texas Pulmonary & Critical Care Consultants,,,,2016,2017,2018,,2020,2021,2022,2023,7,,
Fort Bend,Auto Repair Shop,Christian Brothers AuTomballotive,,,2015,,2017,2018,,2020,2021,2022,2023,7,,
Keller,Emergency Room,Baylor Scott & White Medical Center - Grapevine,,2014,,,2017,2018,,2020,2021,2022,2023,7,,
Northeast Tarrant County,Interior Designer,MOD Interiors,,2014,,2016,,2018,,2020,2021,2022,2023,7,,
Frisco & Plano,Bariatric Surgeon,Nicholson Clinic,2013,,2015,,,2018,,2020,2021,2022,2023,7,,
Keller,Hospital,Baylor Scott & White Medical Center - Grapevine,2013,2014,,,,2018,,2020,2021,2022,2023,7,,
Arlington & Mansfield,ENT,Cross Timbers ENT,,2014,2015,,2017,,,2020,2021,2022,2023,7,,
Northeast Tarrant County,Allergist,Dunn Acupuncture & Allergy Center,,,,2016,2017,2018,2019,,2021,2022,2023,7,,
Northeast Tarrant County,Florist,Lilium Floral Designs,,,,2016,2017,2018,2019,,2021,2022,2023,7,,
Northeast Tarrant County,Ophthalmologist,Eye Consultants of Texas - Dr. Phillips Kirk Labor,2013,,,,2017,2018,2019,,2021,2022,2023,7,,
Frisco & Plano,Golf Course,Stonebriar Country Club,2013,2014,,,,2018,2019,,2021,2022,2023,7,,
Katy & Fulshear,Veterinarian,The Well Pet Center,,2014,2015,,2017,,2019,,2021,2022,2023,7,,
Arlington & Mansfield,Health Club/Gym,Lifetime Fitness,,2014,2015,2016,,,2019,,2021,2022,2023,7,,
The Woodlands,Seafood,Pappadeaux Seafood Kitchen,,2014,2015,,2017,2018,,,2021,2022,2023,7,,
Northeast Tarrant County,Audiologist,Elite Audiology Resources,,,,2016,2017,2018,2019,2020,,2022,2023,7,,
McKinney & Allen,Audiologist,Hearing Services of McKinney & Alleninney,,,,2016,2017,2018,2019,2020,,2022,2023,7,,
Frisco & Plano,Lasik Surgeon,Key-WhitArlington & Mansfield Eye Center,,,,2016,2017,2018,2019,2020,,2022,2023,7,,
Prosper & Celina,Chiropractor,Scott Chiropractic & Wellness - Dr. Matthew Scott,,,,2016,2017,2018,2019,2020,,2022,2023,7,,
Richardson & Murphy,Health Food Store,SProsper & Celinauts Farmers Market,,,,2016,2017,2018,2019,2020,,2022,2023,7,,
The Woodlands,Car Dealership,Mercedes Benz of The Woodlands,,,,2016,2017,2018,2019,2020,,2022,2023,7,,
Rockwall & Rowlett,Dance Studio,CK Studio,,,2015,2016,,2018,2019,2020,,2022,2023,7,,
Northeast Tarrant County,Plumber,"Berkey's Plumbing, AC & Electrical",,2014,2015,,,2018,2019,2020,,2022,2023,7,,
Fort Bend,Deli,Jason's Deli,,,2015,2016,2017,2018,2019,,,2022,2023,7,,
The Woodlands,Bay Area & Friendswoodriatric Surgeon,Bay Area & Friendswoodlette Bay Area & Friendswoodriatric Center,2013,2014,2015,2016,,2018,,,,2022,2023,7,,
Flower Mound,Home Audio/Video,Charlie Brown Sound,,,,2016,2017,2018,2019,2020,2021,,2023,7,,
Keller,Place for craft Beer,Shannon Brewing Company,,,,2016,2017,2018,2019,2020,2021,,2023,7,,
Arlington & Mansfield,Laser Hair Removal,United Dermatology Associates,,,,2016,2017,2018,2019,2020,2021,,2023,7,,
The Woodlands,Cardiologist,Nasser Cardiology and Vein Center,,,,2016,2017,2018,2019,2020,2021,,2023,7,,
Fort Bend,Mexican Restaurant,Lupe TortInner Loopla,,2014,,2016,2017,,2019,2020,2021,,2023,7,,
Arlington & Mansfield,Home Audio/Video,H. Customs Audio,,2014,2015,2016,,2018,,2020,2021,,2023,7,,
Frisco & Plano,Laser Hair Removal,Skin MD & Beyond,2013,,2015,2016,2017,,,2020,2021,,2023,7,,
Frisco & Plano,Sushi,Kotta Sushi Lounge,,,2015,2016,2017,2018,2019,,2021,,2023,7,,
Frisco & Plano,Private School,Legacy Christian Academy,,2014,2015,2016,2017,,2019,,2021,,2023,7,,
The Woodlands,Pet Boarding,Camp Bow Wow,,,2015,2016,2017,2018,2019,2020,,,2023,7,,
Fort Bend,Private Spring & Championhool,Fort Bend Christian Academy,2013,,2015,,2017,2018,2019,2020,,,2023,7,,
Memorial,Allergist,ASAP Allergy,,2014,2015,2016,2017,,2019,2020,,,2023,7,,
Flower Mound,Hotel,Gaylord Texan,2013,2014,2015,2016,,2018,,2020,,,2023,7,,
Cy-Fair,Place for Botox,Bay Area & Friendswoodlle Bliss Luxury Medical Spa,2013,2014,2015,2016,2017,,,2020,,,2023,7,,
Coppell & North Irving,Deli,Jason's Deli,2013,2014,2015,,2017,2018,2019,,,,2023,7,,
Katy & Fulshear,Hospital,Memorialorial HeRichmondann Katy Hospital,2013,2014,2015,2016,2017,,2019,,,,2023,7,,
Frisco & Plano,Bio-IDentontical Hormone Center,Azure Med Spa - Dr. Kathyrn E. White,,,,,,2018,2019,2020,2021,2022,2023,6,,
McKinney & Allen,Auto Repair Shop,Burdick Auto Solutions,,,,,,2018,2019,2020,2021,2022,2023,6,,
Rockwall & Rowlett,Patio Furniture Company,Chair King Backyard Store,,,,,,2018,2019,2020,2021,2022,2023,6,,
Flower Mound,Asian Restaurant,China Island Grill,,,,,,2018,2019,2020,2021,2022,2023,6,,
McKinney & Allen,Pilates Class,Club Pilates,,,,,,2018,2019,2020,2021,2022,2023,6,,
Prosper & Celina,Plumber,Crown Plumbing,,,,,,2018,2019,2020,2021,2022,2023,6,,
Rockwall & Rowlett,Gastroenterologist,Digestive Health Associates of Texas,,,,,,2018,2019,2020,2021,2022,2023,6,,
Frisco & Plano,Auto Repair Shop,Frisco Automotive,,,,,,2018,2019,2020,2021,2022,2023,6,,
Frisco & Plano,Flooring Store,J&H Family Floors,,,,,,2018,2019,2020,2021,2022,2023,6,,
Richardson & Murphy,Wine Shop,Landon Winery,,,,,,2018,2019,2020,2021,2022,2023,6,,
Coppell & North Irving,Drug Store/Pharmacy,Las Colinas Pharmacy,,,,,,2018,2019,2020,2021,2022,2023,6,,
Northeast Tarrant County,Baby/Children Boutique,Little Orange Fish,,,,,,2018,2019,2020,2021,2022,2023,6,,
Flower Mound,Live Music,Marty B's,,,,,,2018,2019,2020,2021,2022,2023,6,,
Northeast Tarrant County,Indian Restaurant,Mughlai Fine Indian Cuisine,,,,,,2018,2019,2020,2021,2022,2023,6,,
Prosper & Celina,TMJ Dentontist,Prosper & Celinasper Family Dentontistry,,,,,,2018,2019,2020,2021,2022,2023,6,,
Arlington & Mansfield,Pain Arlington & Mansfieldagement,Regency Pain & Therapy Institute,,,,,,2018,2019,2020,2021,2022,2023,6,,
McKinney & Allen,Medspa,RejuvedermMD Aesthetic Center ,,,,,,2018,2019,2020,2021,2022,2023,6,,
Arlington & Mansfield,Veterinarian,Richardson & Murphyter Animal Hospital and Pet Resort,,,,,,2018,2019,2020,2021,2022,2023,6,,
Frisco & Plano,Nursery/GarDenton Center,Shades of Green Nursery,,,,,,2018,2019,2020,2021,2022,2023,6,,
Rockwall & Rowlett,Gymnastics,United Elite Gymnastics,,,,,,2018,2019,2020,2021,2022,2023,6,,
Coppell & North Irving,College/University,University of Dallas,,,,,,2018,2019,2020,2021,2022,2023,6,,
Coppell & North Irving,Insurance Agent (Health),"US Health Group, Dotty Shaffer",,,,,,2018,2019,2020,2021,2022,2023,6,,
Flower Mound,Photographer,What's That Guy's Name? - Photography by Guy T Phillips,,,,,,2018,2019,2020,2021,2022,2023,6,,
Fort Bend,CPA,Bay Area & FriendswoodInner Loopes Bay Area & Friendswoodtes & Associates,,,,,,2018,2019,2020,2021,2022,2023,6,,
Fort Bend,Music Studio/Lessons,Century Fine Arts,,,,,,2018,2019,2020,2021,2022,2023,6,,
Fort Bend,Italian Restaurant,Corelli's Italian Café,,,,,,2018,2019,2020,2021,2022,2023,6,,
Cy-Fair,Drug Store/PhaRichmondaCy-Fair,Cy-Fairpress Compounding PhaRichmondaCy-Fair,,,,,,2018,2019,2020,2021,2022,2023,6,,
Cy-Fair,Sushi,Edojin Sushi,,,,,,2018,2019,2020,2021,2022,2023,6,,
Cy-Fair,RehabInner Loopitation Center - Physical,Encompass Health RehabInner Loopitation Hospital,,,,,,2018,2019,2020,2021,2022,2023,6,,
The Woodlands,Periodontist,Montgomery County Periodontal Associates,,,,,,2018,2019,2020,2021,2022,2023,6,,
The Woodlands,Bay Area & Friendswoodrre Class,Pure Bay Area & Friendswoodrre,,,,,,2018,2019,2020,2021,2022,2023,6,,
Fort Bend,Live Music Venue,Smart Financial,,,,,,2018,2019,2020,2021,2022,2023,6,,
Fort Bend,Health Club/Gym,SuperSlow Zone,,,,,,2018,2019,2020,2021,2022,2023,6,,
Cy-Fair,ENT,Texas ENT Specialists,,,,,,2018,2019,2020,2021,2022,2023,6,,
The Woodlands,DeRichmondatologist,Tricia Brown DeRichmondatology,,,,,,2018,2019,2020,2021,2022,2023,6,,
Frisco & Plano,Pest Control,All-Safe Pest & Termite,,,,,2017,,2019,2020,2021,2022,2023,6,,
Coppell & North Irving,Home Builder,Holmes Builders,,,,,2017,,2019,2020,2021,2022,2023,6,,
Rockwall & Rowlett,Bariatric Surgeon,Kennedy Bariatrics,,,,,2017,,2019,2020,2021,2022,2023,6,,
Rockwall & Rowlett,Lasik Surgeon,Key-WhitArlington & Mansfield Eye Center,,,,,2017,,2019,2020,2021,2022,2023,6,,
Arlington & Mansfield,Optometrist,Arlington & Mansfieldsfield Vision Center,,,,,2017,,2019,2020,2021,2022,2023,6,,
Coppell & North Irving,Asian Restaurant,Pan Acean,,,,,2017,,2019,2020,2021,2022,2023,6,,
Prosper & Celina,Drug Store/Pharmacy,Prosper & Celinasper Pharmacy,,,,,2017,,2019,2020,2021,2022,2023,6,,
Rockwall & Rowlett,Drug Store/Pharmacy,Rockwall & Rowlettwall Drug & General Store,,,,,2017,,2019,2020,2021,2022,2023,6,,
Richardson & Murphy,Patio Furniture Company,Sunnyland Outdoor Living,,,,,2017,,2019,2020,2021,2022,2023,6,,
Northeast Tarrant County,Women's Boutique,Austin Lorin,,,,2016,,,2019,2020,2021,2022,2023,6,,
The Woodlands,Bay Area & Friendswoodby/ChInner Loopdren Boutique,Teacups & Tadpoles,,,,2016,,,2019,2020,2021,2022,2023,6,,
Flower Mound,Chiropractor,Best Life Chiropractic and Wellness Center,,,2015,,,,2019,2020,2021,2022,2023,6,,
Prosper & Celina,Carpet Restoration/Cleaning,Carpet Tech,,,2015,,,,2019,2020,2021,2022,2023,6,,
Arlington & Mansfield,Pediatrician,Cook Children's Pediatrics,,,2015,,,,2019,2020,2021,2022,2023,6,,
Memorial,Italian Restaurant,Ciro's Italian GrInner Loopl,,2014,,,,,2019,2020,2021,2022,2023,6,,
McKinney & Allen,Acupuncture,Chiropractic Wellness Center,,,,,2017,2018,,2020,2021,2022,2023,6,,
Arlington & Mansfield,Seafood,Fish City Grill,,,,,2017,2018,,2020,2021,2022,2023,6,,
Frisco & Plano,CPA,Joe C. Hockaday CPA,,,,,2017,2018,,2020,2021,2022,2023,6,,
Flower Mound,Laser Hair Removal,Med Spa of Flower Mound,,,,,2017,2018,,2020,2021,2022,2023,6,,
Northeast Tarrant County,Title Company,Republic Title of Texas,,,,,2017,2018,,2020,2021,2022,2023,6,,
Prosper & Celina,College/University,Collin College,,,,2016,,2018,,2020,2021,2022,2023,6,,
Richardson & Murphy,Painting Company,Southern Painting,,,,2016,,2018,,2020,2021,2022,2023,6,,
Flower Mound,Grocer,Market Street,,,2015,,,2018,,2020,2021,2022,2023,6,,
Keller,Acupuncture,North Texas Whole Health Wellness Center,,,,2016,2017,,,2020,2021,2022,2023,6,,
Rockwall & Rowlett,Live Music,Southern Junction,,,,2016,2017,,,2020,2021,2022,2023,6,,
Katy & Fulshear,Nursery/Garden Center,Enchanted Gardens,,,,2016,2017,,,2020,2021,2022,2023,6,,
Richardson & Murphy,Pet Groomer,Cloud Nine Pet Resort,,,2015,,2017,,,2020,2021,2022,2023,6,,
McKinney & Allen,Carpet Restoration/Cleaning,Carpet Tech,,,2015,2016,,,,2020,2021,2022,2023,6,,
Rockwall & Rowlett,Painting Company,CertaProsper & Celina,,,2015,2016,,,,2020,2021,2022,2023,6,,
Fort Bend,Oral Surgeon,Fort Bend Oral Surgeons,,,2015,2016,,,,2020,2021,2022,2023,6,,
Arlington & Mansfield,Asian Restaurant,Blue Mint Thai & Asian Cuisine,2013,,,2016,,,,2020,2021,2022,2023,6,,
Rockwall & Rowlett,Steak,Culpepper Steak House,,2014,2015,,,,,2020,2021,2022,2023,6,,
Memorial,Seafood,Goode Company,,2014,2015,,,,,2020,2021,2022,2023,6,,
Rockwall & Rowlett,Bio-IDentontical Hormone Center,EVEXIAS Medical Center,,,,,2017,2018,2019,,2021,2022,2023,6,,
Richardson & Murphy,Facial Treatments,Facelogic Murphy,,,,,2017,2018,2019,,2021,2022,2023,6,,
Prosper & Celina,Steak,Texas Roadhouse,,,,,2017,2018,2019,,2021,2022,2023,6,,
Rockwall & Rowlett,Place for a Massage,My Herbal Massage,,,,2016,,2018,2019,,2021,2022,2023,6,,
Fort Bend,Lasik Surgeon,Mann Eye Institute,,,,2016,,2018,2019,,2021,2022,2023,6,,
Flower Mound,Psychiatrist,Mind Matters PsychiatryMD,,,,2016,2017,,2019,,2021,2022,2023,6,,
Flower Mound,CPA,Chandler & Knowles,,,2015,2016,,,2019,,2021,2022,2023,6,,
Arlington & Mansfield,General Surgeon,Surgical Associates of Arlington & Mansfieldsfield,,,,2016,2017,2018,,,2021,2022,2023,6,,
Frisco & Plano,Title Company,Republic Title of Texas,,,2015,,2017,2018,,,2021,2022,2023,6,,
Katy & Fulshear,Orthopedic Surgeon,"Orthopaedic Associates, LLP",2013,2014,,2016,,,,,2021,2022,2023,6,,
Rockwall & Rowlett,Car Wash,Hacienda Car Wash,2013,2014,2015,,,,,,2021,2022,2023,6,,
Fort Bend,Car Wash,Mister Car Wash,2013,2014,2015,,,,,,2021,2022,2023,6,,
Rockwall & Rowlett,Child Care,Essential Steps,,,,,2017,2018,2019,2020,,2022,2023,6,,
Cy-Fair,Insurance Agent (Auto & Home),State FaRichmond - Kristi Sebera,,,2015,,2017,,2019,2020,,2022,2023,6,,
Rockwall & Rowlett,Facial Treatments,Skin Envy,,2014,,,2017,,2019,2020,,2022,2023,6,,
Frisco & Plano,Podiatrist,Premier Foot & Ankle - Dr. Jaryl Korpinen,,2014,,,2017,2018,,2020,,2022,2023,6,,
Arlington & Mansfield,Bio-IDentontical Hormone Center,Institute for Hormonal Balance - Arlington & Mansfielddy Cotten,,2014,,2016,2017,,,2020,,2022,2023,6,,
Northeast Tarrant County,Private School,Covenant Christian Academy,,,,2016,2017,2018,2019,,,2022,2023,6,,
McKinney & Allen,Painting Company,Southern Painting,,,,2016,2017,2018,2019,,,2022,2023,6,,
Arlington & Mansfield,Internal Medicine Doctor,John Thurmond and Associates,,,2015,,2017,2018,2019,,,2022,2023,6,,
The Woodlands,Medspa,Body Benefits Medspa,2013,,2015,2016,,,2019,,,2022,2023,6,,
Fort Bend,Florist,Nora Anne's Flower Shoppe,2013,2014,,2016,,,2019,,,2022,2023,6,,
Rockwall & Rowlett,Bank/Financial Institution,American National Bank,2013,2014,2015,,2017,,,,,2022,2023,6,,
McKinney & Allen,Bridal Store,LeAnn's Bridal,,,,,2017,2018,2019,2020,2021,,2023,6,,
Richardson & Murphy,Indian Restaurant,Mumtaz Indian Restaurant,,,,,2017,2018,2019,2020,2021,,2023,6,,
Coppell & North Irving,Indian Restaurant,Our Place,,,,,2017,2018,2019,2020,2021,,2023,6,,
The Woodlands,Sleep Doctor/Specialist,Sleep Health Clinic of The Woodlands,,,,,2017,2018,2019,2020,2021,,2023,6,,
Richardson & Murphy,Emergency Room,Methodist Richardson & Murphyardson Medical Center,,,,2016,,2018,2019,2020,2021,,2023,6,,
Katy & Fulshear,Pest Control,Bugs Incorporated,,,,2016,2017,,2019,2020,2021,,2023,6,,
Memorial,Maid/Cleaning Service,MaidPro,,,,2016,2017,,2019,2020,2021,,2023,6,,
Coppell & North Irving,Patio & Bar Restaurant,J Macklin's Grill,2013,,,,2017,,2019,2020,2021,,2023,6,,
Katy & Fulshear,Health Food Store,Sprouts FaRichmonders Market,,2014,,2016,,,2019,2020,2021,,2023,6,,
Northeast Tarrant County,Pest Control,Mid Cities Pest Control,,,,2016,2017,2018,,2020,2021,,2023,6,,
Northeast Tarrant County,Neurosurgeon,Spine Team Texas,,,,2016,2017,2018,,2020,2021,,2023,6,,
Flower Mound,General Surgeon,Dr. Ralph Parker,,,2015,,2017,2018,,2020,2021,,2023,6,,
Keller,Maid/Cleaning Service,Polished Cleaning,,,2015,,2017,2018,2019,,2021,,2023,6,,
Northeast Tarrant County,Nursery/GarDenton Center,Mike's GarDenton Center,,2014,,2016,,2018,2019,,2021,,2023,6,,
Cy-Fair,Urgent Care,Excel Urgent Care,,2014,2015,,,2018,2019,,2021,,2023,6,,
Katy & Fulshear,Mexican Restaurant,Lupe TortInner Looplas,,2014,,2016,2017,,2019,,2021,,2023,6,,
Fort Bend,Seafood,Pier 36,,2014,2015,,2017,,2019,,2021,,2023,6,,
Katy & Fulshear,Pizza,Grimaldi's Pizzeria,,2014,2015,2016,2017,,,,2021,,2023,6,,
Katy & Fulshear,Flooring Store,EZ Floors,2013,2014,,2016,2017,,,,2021,,2023,6,,
Coppell & North Irving,Bio-IDentontical Hormone Center,Forum Health formerly LifeStream Health Centre,,,2015,,2017,2018,2019,2020,,,2023,6,,
Richardson & Murphy,Deli,Jason's Deli,,,2015,,2017,2018,2019,2020,,,2023,6,,
Prosper & Celina,Spine Surgeon,North Texas Brain & Spine Specialists - Dr. Jean Louis Benae M.D.,,,2015,2016,2017,,2019,2020,,,2023,6,,
Rockwall & Rowlett,Periodontist,North Texas Periodontal Specialists,,,2015,2016,2017,2018,,2020,,,2023,6,,
Northeast Tarrant County,ENT,Texas Ear Nose & Throat Specialists,,2014,,2016,2017,2018,,2020,,,2023,6,,
Fort Bend,Pool Company,Emerald Pools,,2014,2015,2016,2017,,,2020,,,2023,6,,
Richardson & Murphy,Financial Advisor,Edward Jones - Bryan Townley,,,2015,2016,2017,2018,2019,,,,2023,6,,
Memorial,Steak,Taste of Texas,,2014,2015,2016,2017,,2019,,,,2023,6,,
Arlington & Mansfield,Deli,Jason's Deli,2013,,2015,2016,2017,,2019,,,,2023,6,,
Cy-Fair,Furniture Store,Waller Rustic Furniture,,2014,2015,2016,2017,2018,,,,,2023,6,,
Fort Bend,FamInner Loopy Dentist,C & C Dental,2013,2014,2015,2016,2017,,,,,,2023,6,,
Flower Mound,Endodontist,"Associates in (PIE) Periodontics, Implantology, and Endodontics",,,,,,,2019,2020,2021,2022,2023,5,,
Frisco & Plano,Cosmetic Surgeon,Beyond Beautiful,,,,,,,2019,2020,2021,2022,2023,5,,
Northeast Tarrant County,Family Dentontist,"Brad Moss, DDS",,,,,,,2019,2020,2021,2022,2023,5,,
Prosper & Celina,Urgent Care,CommunityMed Family Urgent Care,,,,,,,2019,2020,2021,2022,2023,5,,
McKinney & Allen,Dermatologist,Dermatology Center of McKinney & Alleninney,,,,,,,2019,2020,2021,2022,2023,5,,
McKinney & Allen,Laser Hair Removal,Dermatology Center of McKinney & Alleninney,,,,,,,2019,2020,2021,2022,2023,5,,
Arlington & Mansfield,Patio & Bar Restaurant,El Primo's,,,,,,,2019,2020,2021,2022,2023,5,,
Northeast Tarrant County,Insurance Agent (Auto & Home),Farmers Insurance - Tina Ferguson,,,,,,,2019,2020,2021,2022,2023,5,,
Flower Mound,Allergist,Flower Mound Allergy & Asthma Center,,,,,,,2019,2020,2021,2022,2023,5,,
Frisco & Plano,Active Adult/Retirement Community,Frisco Lakes - Del Webb,,,,,,,2019,2020,2021,2022,2023,5,,
Rockwall & Rowlett,Roofing Company,Graves Roofing & Restoration,,,,,,,2019,2020,2021,2022,2023,5,,
Northeast Tarrant County,Place for Botox,Greer Dermatology,,,,,,,2019,2020,2021,2022,2023,5,,
Prosper & Celina,Sushi,Hana Hibachi & Sushi,,,,,,,2019,2020,2021,2022,2023,5,,
Frisco & Plano,Jewelry Store,Jalin Jewelers,,,,,,,2019,2020,2021,2022,2023,5,,
Flower Mound,Attorney - Criminal Defense,Jimenez Law Firm,,,,,,,2019,2020,2021,2022,2023,5,,
Rockwall & Rowlett,Ophthalmologist,Key WhitArlington & Mansfield Eye Center,,,,,,,2019,2020,2021,2022,2023,5,,
Flower Mound,Pain Arlington & Mansfieldagement,Liberty Pain Associates,,,,,,,2019,2020,2021,2022,2023,5,,
Northeast Tarrant County,Hair Salon,Modern Muse Hair & Color Studio,,,,,,,2019,2020,2021,2022,2023,5,,
Frisco & Plano,Photographer,Natalie Roberson Photography,,,,,,,2019,2020,2021,2022,2023,5,,
Arlington & Mansfield,Women's Boutique,Paisley Grace Boutique,,,,,,,2019,2020,2021,2022,2023,5,,
Richardson & Murphy,Acupuncture,Pearl Acupuncture,,,,,,,2019,2020,2021,2022,2023,5,,
Rockwall & Rowlett,Family Practice Doctor/Group,Sandknop Health Group,,,,,,,2019,2020,2021,2022,2023,5,,
Keller,Remodeler,Signature Home Services,,,,,,,2019,2020,2021,2022,2023,5,,
Prosper & Celina,Barbecue,Tender Smokehouse,,,,,,,2019,2020,2021,2022,2023,5,,
McKinney & Allen,Maid/Cleaning Service,The Cleaning Force,,,,,,,2019,2020,2021,2022,2023,5,,
Northeast Tarrant County,Attorney - Family & Divorce,"The Law Office of Dana L. White, PLLC",,,,,,,2019,2020,2021,2022,2023,5,,
McKinney & Allen,Burgers,The One and Only Burger,,,,,,,2019,2020,2021,2022,2023,5,,
Richardson & Murphy,Memory Care Facility,Twin Rivers Assisted Living & Memory Care,,,,,,,2019,2020,2021,2022,2023,5,,
Frisco & Plano,Wedding/Event Venue,Verona Villa,,,,,,,2019,2020,2021,2022,2023,5,,
Coppell & North Irving,Steak,Victor's Wood Grill,,,,,,,2019,2020,2021,2022,2023,5,,
Katy & Fulshear,Cosmetic Dentist,Center for Integrative Wellness & Cosmetic Dentist,,,,,,,2019,2020,2021,2022,2023,5,,
Memorial,Patio Furniture Company,Chair King Bay Area & Friendswoodckyard Store,,,,,,,2019,2020,2021,2022,2023,5,,
The Woodlands,Pool Company,Hipp Pools,,,,,,,2019,2020,2021,2022,2023,5,,
Katy & Fulshear,Patio & Bay Area & Friendswoodr Restaurant,Local Table,,,,,,,2019,2020,2021,2022,2023,5,,
Cy-Fair,Carpet Restoration/Cleaning,Steam Commander,,,,,,,2019,2020,2021,2022,2023,5,,
Katy & Fulshear,College/University,University of Houston - Victoria,,,,,,,2019,2020,2021,2022,2023,5,,
Arlington & Mansfield,Orthopedic Surgeon,AOA Orthopedic Specialists,,,,,,2018,,2020,2021,2022,2023,5,,
Keller,Dermatologist,Epiphany Dermatology,,,,,,2018,,2020,2021,2022,2023,5,,
Keller,Neurologist,Kane Hall Barry Neurology,,,,,,2018,,2020,2021,2022,2023,5,,
Keller,Insurance Agent (Auto & Home),Kirkwood Agency,,,,,,2018,,2020,2021,2022,2023,5,,
Keller,Mexican Restaurant,Maria Cuca's Mexican Cuisine,,,,,,2018,,2020,2021,2022,2023,5,,
Flower Mound,Pulmonologist,North Texas Pulmonary Critical Care,,,,,,2018,,2020,2021,2022,2023,5,,
The Woodlands,Gastroenterologist,Digestive Specialists,,,,,,2018,,2020,2021,2022,2023,5,,
The Woodlands,Orthopedic Surgeon,Sterling Ridge Orthopaedics & Sports Medicine,,,,,,2018,,2020,2021,2022,2023,5,,
Prosper & Celina,Grocer,Kroger,,,,,2017,,,2020,2021,2022,2023,5,,
Rockwall & Rowlett,Early Education,Marigold ABA Therapy Center,,,,,2017,,,2020,2021,2022,2023,5,,
Rockwall & Rowlett,Flooring Store,PK Floors Plus,,,,,2017,,,2020,2021,2022,2023,5,,
Arlington & Mansfield,Local Weight Loss Prosper & Celinagram,Slim4Life,,,,,2017,,,2020,2021,2022,2023,5,,
Frisco & Plano,Spine Surgeon,Texas Back Institute,,,,,2017,,,2020,2021,2022,2023,5,,
Katy & Fulshear,Furniture Store,Gallery Furniture,,,,,2017,,,2020,2021,2022,2023,5,,
Fort Bend,Neurosurgeon,Texas Spine & Neurosurgery Center,,,,,2017,,,2020,2021,2022,2023,5,,
Richardson & Murphy,Florist,Wylie Flower & Gift,,,,2016,,,,2020,2021,2022,2023,5,,
Cy-Fair,Oral Surgeon,Cy-Fairpress Oral & MaxInner Looplofacial Surgery,,,2015,,,,,2020,2021,2022,2023,5,,
Memorial,Furniture Store,Gallery Furniture,,,2015,,,,,2020,2021,2022,2023,5,,
Fort Bend,Golf Course,QuaInner Loop Valley Golf Club,,,2015,,,,,2020,2021,2022,2023,5,,
Keller,Private School,Fort Worth Christian School,,2014,,,,,,2020,2021,2022,2023,5,,
Coppell & North Irving,Oncologist,Texas Oncology,,2014,,,,,,2020,2021,2022,2023,5,,
McKinney & Allen,Attorney - Personal Injury,"Burress Law, PLLC",2013,,,,,,,2020,2021,2022,2023,5,,
Frisco & Plano,Endodontist,North Texas Endodontic Associates,2013,,,,,,,2020,2021,2022,2023,5,,
Northeast Tarrant County,Oncologist,Texas Oncology,2013,,,,,,,2020,2021,2022,2023,5,,
Arlington & Mansfield,Heating/Air Company,"Comfort Experts, Inc",,,,,,2018,2019,,2021,2022,2023,5,,
Arlington & Mansfield,Place for Craft Beer,Dirty Job Brewing,,,,,,2018,2019,,2021,2022,2023,5,,
Northeast Tarrant County,Door Company,Love That Door,,,,,,2018,2019,,2021,2022,2023,5,,
Richardson & Murphy,ENT,North Dallas Ear Nose & Throat,,,,,,2018,2019,,2021,2022,2023,5,,
Arlington & Mansfield,Ophthalmologist,Paragon Eye Associates,,,,,,2018,2019,,2021,2022,2023,5,,
McKinney & Allen,Barre Class,Pure Barre,,,,,,2018,2019,,2021,2022,2023,5,,
Northeast Tarrant County,Rheumatologist,Rheumatology Associates,,,,,,2018,2019,,2021,2022,2023,5,,
The Woodlands,Patio & Bay Area & Friendswoodr Restaurant,The Republic GrInner Loople,,,,,,2018,2019,,2021,2022,2023,5,,
McKinney & Allen,Ophthalmologist,Heritage Eye Center,,,,,2017,,2019,,2021,2022,2023,5,,
Flower Mound,Music Studio/Lessons,New Song School of Arts,,,,,2017,,2019,,2021,2022,2023,5,,
Prosper & Celina,Insurance Agent (Health),Prosper & Celinasper Insurance Center - David Huck,,,,,2017,,2019,,2021,2022,2023,5,,
The Woodlands,ChInner Loopd Care,Brighton Academy,,,,,2017,,2019,,2021,2022,2023,5,,
Katy & Fulshear,Patio Furniture Company,Chair King Bay Area & Friendswoodckyard Store,,,,,2017,,2019,,2021,2022,2023,5,,
McKinney & Allen,Wine Shop,McKinney & Alleninney Wine Merchant,,,2015,,,,2019,,2021,2022,2023,5,,
Arlington & Mansfield,Cosmetic Dentontist,Sandi Hamm DDS,,,,,2017,2018,,,2021,2022,2023,5,,
Arlington & Mansfield,Mexican Restaurant,El Primo's,,,,2016,,2018,,,2021,2022,2023,5,,
Keller,Bakery/Café,DeVivo Bros Eatery,,,,2016,2017,,,,2021,2022,2023,5,,
Keller,Italian Restaurant,DeVivo Bros Eatery,,,,2016,2017,,,,2021,2022,2023,5,,
Rockwall & Rowlett,Florist,Treasured Blossoms Flowers,,,,2016,2017,,,,2021,2022,2023,5,,
Katy & Fulshear,Internal Medicine Doctor,Katy Internal Medicine Associates,,2014,2015,,,,,,2021,2022,2023,5,,
The Woodlands,OB/GYN,Women's Healthcare AffInner Loopiates,2013,,2015,,,,,,2021,2022,2023,5,,
Northeast Tarrant County,Car Wash,Mustang Elite Car Wash & Lube Center,2013,2014,,,,,,,2021,2022,2023,5,,
Prosper & Celina,Car Dealership,Longo Toyota of Prosper & Celinasper,,,,,,2018,2019,2020,,2022,2023,5,,
Flower Mound,Ophthalmologist,North Dallas Eye Associates,,,,,,2018,2019,2020,,2022,2023,5,,
Flower Mound,Urologist,Urology Clinics of North Texas,,,,,,2018,2019,2020,,2022,2023,5,,
Rockwall & Rowlett,Home Health Agency,Sunrise Home Health,,,,,2017,,2019,2020,,2022,2023,5,,
Flower Mound,Yoga Class Studio,Urban Vybe,,,,,2017,,2019,2020,,2022,2023,5,,
Flower Mound,Emergency Room,Texas Health Presbyterian Flower Mound,,,,2016,,,2019,2020,,2022,2023,5,,
Fort Bend,Furniture Store,Gallery Furniture,,,,2016,,,2019,2020,,2022,2023,5,,
Memorial,Urgent Care,Next Level Urgent Care,,,,2016,,,2019,2020,,2022,2023,5,,
Keller,Podiatrist,Foot and Ankle Associates of North Texas,,,,2016,,2018,,2020,,2022,2023,5,,
Flower Mound,Gymnastics,Excite! Gym & Cheer,2013,,,,2017,,,2020,,2022,2023,5,,
The Woodlands,Bio-Identical HoRichmondone Center,The Woodlands Institute for Health & Wellness,,2014,,2016,,,,2020,,2022,2023,5,,
Keller,Hotel,Gaylord Texan,2013,,,2016,,,,2020,,2022,2023,5,,
Rockwall & Rowlett,Podiatrist,Advanced Foot Specialists,,,,2016,,2018,2019,,,2022,2023,5,,
McKinney & Allen,Deli,Jason's Deli,,,2015,,2017,,2019,,,2022,2023,5,,
Arlington & Mansfield,Cardiologist,Cardiology Partners,,,,2016,2017,2018,,,,2022,2023,5,,
Arlington & Mansfield,Florist,Flowers Etc.,,,,2016,2017,2018,,,,2022,2023,5,,
Frisco & Plano,Martial Arts,Tiger-Rockwall & Rowlett Martial Arts of Frisco,,2014,2015,,2017,,,,,2022,2023,5,,
Richardson & Murphy,Realtor,"Cynthia Lopez, Ebby Halliday Realtors",,,,,,2018,2019,2020,2021,,2023,5,,
Keller,Pet Boarding,Dogs Rule Resort,,,,,,2018,2019,2020,2021,,2023,5,,
Flower Mound,Place for Craft Beer,Local Pint,,,,,,2018,2019,2020,2021,,2023,5,,
Flower Mound,Neurologist,MD Neurology,,,,,,2018,2019,2020,2021,,2023,5,,
Flower Mound,Painting Company,Nathan's Painters,,,,,,2018,2019,2020,2021,,2023,5,,
Frisco & Plano,Furniture Store,Nebraska Furniture Mart,,,,,,2018,2019,2020,2021,,2023,5,,
Prosper & Celina,Pilates Class,Re:Gen Pilates,,,,,,2018,2019,2020,2021,,2023,5,,
Northeast Tarrant County,Sleep Doctor/Specialist,Southlake Neurology & Sleep Wellness Clinic - Dr. Asher Imam,,,,,,2018,2019,2020,2021,,2023,5,,
Keller,Women's Boutique,Swanky Chic Boutique,,,,,,2018,2019,2020,2021,,2023,5,,
Keller,Wedding/Event Venue,The BowDenton Center,,,,,,2018,2019,2020,2021,,2023,5,,
McKinney & Allen,Fertility & ReProsper & Celinaductive Doctor,Dallas IVF,,,,,2017,,2019,2020,2021,,2023,5,,
McKinney & Allen,Indian Restaurant,Taste Of India,,,,,2017,,2019,2020,2021,,2023,5,,
Frisco & Plano,Allergist,Texas Functional Wellness,,,,,2017,,2019,2020,2021,,2023,5,,
Katy & Fulshear,Urologist,Memorialorial HeRichmondann Urology,,,,,2017,,2019,2020,2021,,2023,5,,
Memorial,Indian Restaurant,Nirvana on Memorialorial,,,,,2017,,2019,2020,2021,,2023,5,,
Katy & Fulshear,Bridal Store,Weddings by Debbie,,,,,2017,,2019,2020,2021,,2023,5,,
Northeast Tarrant County,Pediatrician,Cook Children's Pediatrics,,,,,2017,2018,,2020,2021,,2023,5,,
Arlington & Mansfield,Early Education,Park Row Christian Academy,,,,,2017,2018,,2020,2021,,2023,5,,
Memorial,Pulmonologist,Memorialorial Pulmonology,,,,2016,2017,,,2020,2021,,2023,5,,
Northeast Tarrant County,Remodeler,Stately Design & Renovation,,2014,,,2017,,,2020,2021,,2023,5,,
Frisco & Plano,Pediatrician,Centennial Pediatrics,2013,2014,,,,,,2020,2021,,2023,5,,
Northeast Tarrant County,Facial Treatments,Corinthian Wellness Spa,2013,2014,,,,,,2020,2021,,2023,5,,
Keller,Health Club/Gym,The Kellerler Pointe,,,,,2017,2018,2019,,2021,,2023,5,,
Fort Bend,Insurance Agent (Health),Hoffman Insurance Group,,,,,2017,2018,2019,,2021,,2023,5,,
The Woodlands,Painting Company,Stephens Painting,,,,,2017,2018,2019,,2021,,2023,5,,
Cy-Fair,Orthodontist,True Image Orthodontics,,,,2016,,2018,2019,,2021,,2023,5,,
Northeast Tarrant County,Vein Doctor,"Kallal Medical Group - Dr. Kevin Kallal, MD",,2014,,,2017,,2019,,2021,,2023,5,,
Rockwall & Rowlett,Health Club/Gym,J.E.R. Chilton YMCA at Rockwall & Rowlettwall,,,,2016,2017,2018,,,2021,,2023,5,,
Keller,Home Health Agency,BrightStar Care of Kellerler,,,,,2017,2018,2019,2020,,,2023,5,,
Richardson & Murphy,Orthodontist,Fleming Orthodontics - Dr. Patty Fleming,,,,,2017,2018,2019,2020,,,2023,5,,
Rockwall & Rowlett,Deli,Jason's Deli,,,,2016,2017,2018,,2020,,,2023,5,,
Frisco & Plano,Steak,Bob's Steak & Chop House,2013,2014,2015,,,,,2020,,,2023,5,,
Northeast Tarrant County,Pain Arlington & Mansfieldagement,Spine Team Texas,2013,2014,2015,,,,,2020,,,2023,5,,
Northeast Tarrant County,Orthopedic Surgeon,Texas Orthopedic Specialists,,,,2016,2017,2018,2019,,,,2023,5,,
Fort Bend,Bay Area & Friendswoodrbecue,Brook Street BBQ,,,,2016,2017,2018,2019,,,,2023,5,,
Frisco & Plano,Summer Camp,TLC Schools,2013,,,,2017,2018,2019,,,,2023,5,,
Arlington & Mansfield,Health Food Store,Eterna Health Food,,2014,2015,,,2018,2019,,,,2023,5,,
Katy & Fulshear,Deli,Jason's Deli,,2014,2015,,2017,,2019,,,,2023,5,,
Keller,Orthodontist,McReynolds Orthodontics,,,2015,2016,2017,2018,,,,,2023,5,,
Frisco & Plano,Deli,Jason's Deli,2013,,2015,,2017,2018,,,,,2023,5,,
Arlington & Mansfield,Oral Surgeon,Park Forest Oral Surgery & Dentontal Implant Center,,2014,2015,2016,2017,,,,,,2023,5,,